{"issues":[],"originID":"e0fbb703-b563-4881-9e54-05e7b1770f71","originEID":"mcdy1v8k81wy75kb3ncdhfq8btd1","data":{"name":"CampaignMember_to_Pub_List","script":"<script runat=\"server\">\n\tPlatform.Load(\"core\",\"1\");\n\tvar prox = new Script.Util.WSProxy();\n\tprox.setClientId({\"ID\": 514010789});\n  \n\tvar SourceDE\t \t= DataExtension.Init(\"{{mcpm#/entities/dataExtensions/68233ae7-ca3d-ed11-a5c4-d4f5ef664b8b/data/customerKey}}\");\n\tvar Rows \t\t\t= SourceDE.Rows.Retrieve();  \n  \n\tfor(var i in Rows) {\n\n\t\tif (Rows[i][\"status\"] == \"Unsubscribe\") {\t\t   \n\n\t\t\tvar SubscriberKey \t\t= Rows[i][\"subscriberkey\"];\n\t\t\tvar UnsubscribeReason \t= \"CER Unsubscribe\";\n\t\t\tvar ListId \t\t\t\t= Rows[i][\"ListId\"];\n\t\t\tvar BatchId \t\t\t= \"0\";\n\t\t\t\n\t      \t/* If you are unable to populate send information, just populate SubscriberKey, BatchId, and Reason (Batch ID can be 0) */\n\t      \tvar props = [\n\t\t\t\t{Name: \"subscriberKey\", Value: SubscriberKey },\n\t\t\t\t{Name: \"JobId\", \t\tValue: JobId },\n\t\t\t\t{Name: \"ListID\", \t\tValue: ListId },              \n\t\t\t\t{Name: \"BatchID\", \t\tValue: BatchId },\n\t\t\t\t{Name: \"Reason\", \t\tValue: UnsubscribeReason }\n\t      \t];\n\n\t  \t\tvar data = prox.execute(props, \"LogUnsubEvent\");\n\n\t  \t} else if (Rows[i][\"status\"] == \"Active\") {\n\n\t  \t\tvar SubscriberKey \t\t= Rows[i][\"subscriberkey\"];\n\t\t\tvar EmailAddress \t\t= Rows[i][\"emailaddress\"];\n\t\t\tvar ListId \t\t\t\t= Rows[i][\"ListId\"];\n\t\t\t\n\t      \tvar sub = {\n\t            SubscriberKey: SubscriberKey,\n\t            Status: \"Active\",\n\t            EmailAddress: EmailAddress,\n\t            Lists: [{\n\t                ID: ListId,\n\t                Status: \"Active\"\n\t            }]\n\t        };\n\t        var options = { \n\t            SaveOptions: [{\n\t              PropertyName: \"*\",\n\t              SaveAction: \"UpdateAdd\"\n\t            }]\n\t        };\n\n\t  \t\tvar data = prox.createItem(\"Subscriber\", sub, options);\n\n\t  \t}\n\t}\n\n</script>","categoryId":"{{mcpm#/entities/categories/14289/data/id}}","description":""}}