{"issues":[],"originID":"b30aff8b-b8c3-4cf8-a32e-9aae5ded0c5a","originEID":"mcdy1v8k81wy75kb3ncdhfq8btd1","data":{"name":"Pub List Unsubs to Campaign Members","type":"AutomationAudience","dataExtensionId":"{{mcpm#/entities/dataExtensions/3d7cd2d2-ca3d-ed11-a5c4-d4f5ef664b8b/data/id}}","description":"","mode":"Production","isVisibleInPicker":false,"category":"Audience","schedule":{"startDateTime":"2022-09-26T22:30:00Z","endDateTime":"2079-06-06T06:00:00Z","timeZone":"Eastern Standard Time","occurrences":496952,"endType":"EndDate","frequency":"Hourly","recurrencePattern":"Interval","interval":1},"disableDEDataLogging":false,"isPlatformObject":false,"metaData":{"criteriaDescription":"","scheduleFlowMode":"automation"},"configurationArguments":{"unconfigured":false},"arguments":{"serializedObjectType":9,"useHighWatermark":true,"resetHighWatermark":true,"automationId":"{{mcpm#/entities/automations/ccd3bcde-ad56-4df5-9230-dcd190866c70/data/id}}","eventDefinitionId":"b30aff8b-b8c3-4cf8-a32e-9aae5ded0c5a","eventDefinitionKey":"DEAudience-5df8cbc1-367d-8846-7823-51fe5254438c","dataExtensionId":"3d7cd2d2-ca3d-ed11-a5c4-d4f5ef664b8b","criteria":""},"sourceApplicationExtensionId":"97e942ee-6914-4d3d-9e52-37ecb71f79ed"}}