{"issues":[{"type":"UNSUPPORTED_FUNCTIONALITY","level":"WARNING","sourceJobType":"PACKAGE","functionality":"JOURNEY_SF_OBJECT"}],"originID":"f054d428-1f61-4a3e-9405-d62f0f346c77","originEID":"mcdy1v8k81wy75kb3ncdhfq8btd1","data":{"name":"Pub List Unsubs to Campaign Members","key":"6ea71b26-c273-2d7a-8148-1ee61efe3857","workflowApiVersion":1,"description":"","activities":[{"type":"SALESCLOUDACTIVITY","arguments":{"version":"1.0","objectMap":{"objects":[{"type":"CampaignMember","subtype":null,"order":"1","action":"Update","lookup":{"type":"salesforceLookup","lookupObject":"CampaignMember","steps":[{"criteria":[{"FieldName":"Id","FieldValue":"{{Event.\"{{mcpm#/entities/eventDefinitions/b30aff8b-b8c3-4cf8-a32e-9aae5ded0c5a/data/eventDefinitionKey}}\".\"campaignmemberid\"}}","FieldValueLabel":"campaignmemberid","FieldType":"id"}]}],"MultiOutComeOption":"DoNotUpdate","ZeroOutComeOption":"DoNotUpdate"},"fields":[{"UpdateType":"OverWriteNewValue","Updateable":"true","FieldName":"Status","FieldLabel":"Status","FieldValue":"Unsubscribed","FieldValueLabel":"Unsubscribed","Required":"false","FieldType":"picklist","MappingType":"Constant","Processor":"static"}]}]}},"description":"","id":"05055a08-1842-4f07-a161-8be8872aa8a8","key":"SALESCLOUDACTIVITY-1","metaData":{"isConfigured":true,"expressionBuilderPrefix":"Campaign Member"},"configurationArguments":{"applicationExtensionKey":"Salesforce_Activity_CampaignMember"},"name":"Update Campaign Member to Unsubscribed","outcomes":[{"arguments":{},"key":"c9d0bfc1-771e-4c7e-8e77-d2ba6d857c35","metaData":{"invalid":false},"next":"WAITBYDURATION-1"}],"schema":{"arguments":{}}},{"type":"WAIT","arguments":{},"description":"","id":"cf81502c-4f37-44c7-9437-c514a7be39ee","key":"WAITBYDURATION-1","metaData":{"isConfigured":true,"isExtended":false,"waitType":"duration","guidanceCardKey":null,"uiType":"WAITBYDURATION"},"configurationArguments":{"specifiedTime":"00:00","timeZone":"Eastern Standard Time","waitDuration":1,"waitUnit":"MINUTES"},"name":"1 minute","outcomes":[{"arguments":{},"key":"1708af75-55da-4bb7-873b-17e05090397c","metaData":{"invalid":false}}],"schema":{"arguments":{}}}],"channel":"","defaults":{},"definitionType":"Multistep","entryMode":"MultipleEntries","executionMode":"Production","exits":[],"goals":[],"metaData":{},"triggers":[{"arguments":{},"configurationArguments":{},"description":"","id":"c80207a5-a26d-40b3-8afc-dcdb54b7c684","key":"TRIGGER","metaData":{"chainType":"None","configurationRequired":false,"entrySourceGroupConfigUrl":"jb:///data/entry/audience/entrysourcegroupconfig.json","eventDefinitionId":"{{mcpm#/entities/eventDefinitions/b30aff8b-b8c3-4cf8-a32e-9aae5ded0c5a/data/id}}","eventDefinitionKey":"{{mcpm#/entities/eventDefinitions/b30aff8b-b8c3-4cf8-a32e-9aae5ded0c5a/data/eventDefinitionKey}}","iconUrl":"/images/icon-data-extension.svg","title":"Data Extension"},"name":"TRIGGER","outcomes":[],"type":"AutomationAudience"}],"categoryId":"{{mcpm#/entities/categories/14292/data/id}}","version":1}}