{"journeys/f054d428-1f61-4a3e-9405-d62f0f346c77":[{"identifier":"eventDefinitions/b30aff8b-b8c3-4cf8-a32e-9aae5ded0c5a","relationship":"required"},{"identifier":"categories/14292","relationship":"required"}],"eventDefinitions/b30aff8b-b8c3-4cf8-a32e-9aae5ded0c5a":[{"identifier":"dataExtensions/3d7cd2d2-ca3d-ed11-a5c4-d4f5ef664b8b","relationship":"required"},{"identifier":"automations/ccd3bcde-ad56-4df5-9230-dcd190866c70","relationship":"required"}],"categories/14292":[],"automations/ccd3bcde-ad56-4df5-9230-dcd190866c70":[{"identifier":"scriptActivities/e0fbb703-b563-4881-9e54-05e7b1770f71","relationship":"required"},{"identifier":"queryActivities/d12030d8-03ca-40a6-bc5f-4bf79e174ce7","relationship":"required"},{"identifier":"queryActivities/0326b22f-afe2-4275-a215-1d9fc677535d","relationship":"required"},{"identifier":"verificationActivities/0d617c75-a55c-461d-9fb1-718f5ecceb1c","relationship":"required"},{"identifier":"categories/23007","relationship":"required"}],"queryActivities/d12030d8-03ca-40a6-bc5f-4bf79e174ce7":[{"identifier":"dataExtensions/38eca2ba-ca3d-ed11-a5c4-d4f5ef664b8b","relationship":"required"},{"identifier":"dataExtensions/d2ff4d98-8c5a-eb11-a2f2-48df37342d1d","relationship":"required"},{"identifier":"dataExtensions/3d7cd2d2-ca3d-ed11-a5c4-d4f5ef664b8b","relationship":"required"},{"identifier":"categories/23006","relationship":"required"}],"verificationActivities/0d617c75-a55c-461d-9fb1-718f5ecceb1c":[{"identifier":"dataExtensions/68233ae7-ca3d-ed11-a5c4-d4f5ef664b8b","relationship":"required"}],"scriptActivities/e0fbb703-b563-4881-9e54-05e7b1770f71":[{"identifier":"dataExtensions/68233ae7-ca3d-ed11-a5c4-d4f5ef664b8b","relationship":"required"},{"identifier":"categories/14289","relationship":"required"}],"queryActivities/0326b22f-afe2-4275-a215-1d9fc677535d":[{"identifier":"dataExtensions/d2ff4d98-8c5a-eb11-a2f2-48df37342d1d","relationship":"required"},{"identifier":"dataExtensions/38eca2ba-ca3d-ed11-a5c4-d4f5ef664b8b","relationship":"required"},{"identifier":"dataExtensions/37d789c4-8340-eb11-a2f2-1402ec8523d9","relationship":"required"},{"identifier":"dataExtensions/68233ae7-ca3d-ed11-a5c4-d4f5ef664b8b","relationship":"required"},{"identifier":"categories/14287","relationship":"required"}],"dataExtensions/3d7cd2d2-ca3d-ed11-a5c4-d4f5ef664b8b":[{"identifier":"categories/20573","relationship":"required"}],"categories/23007":[{"identifier":"categories/14284","relationship":"required"}],"categories/23006":[{"identifier":"categories/14287","relationship":"required"}],"categories/14287":[],"dataExtensions/68233ae7-ca3d-ed11-a5c4-d4f5ef664b8b":[{"identifier":"categories/20573","relationship":"required"}],"categories/14289":[],"categories/14284":[],"categories/20573":[{"identifier":"categories/14267","relationship":"required"}],"dataExtensions/38eca2ba-ca3d-ed11-a5c4-d4f5ef664b8b":[{"identifier":"categories/20573","relationship":"required"}],"categories/14267":[],"dataExtensions/d2ff4d98-8c5a-eb11-a2f2-48df37342d1d":[],"dataExtensions/37d789c4-8340-eb11-a2f2-1402ec8523d9":[]}