{"issues":[],"originID":"ccd3bcde-ad56-4df5-9230-dcd190866c70","originEID":"mcdy1v8k81wy75kb3ncdhfq8btd1","data":{"categoryId":"{{mcpm#/entities/categories/23007/data/id}}","description":"","name":"Pub List and Campaign Member Sync","steps":[{"activities":[{"name":"Recent Pub List Unsubscribes","activityObjectId":"{{mcpm#/entities/queryActivities/d12030d8-03ca-40a6-bc5f-4bf79e174ce7/data/id}}","objectTypeId":300,"displayOrder":0,"serializedObject":"<QueryDefinition xmlns:xsd=\"http://www.w3.org/2001/XMLSchema\" xmlns:xsi=\"http://www.w3.org/2001/XMLSchema-instance\" xmlns=\"http://exacttarget.com/wsdl/partnerAPI\"><PartnerKey xsi:nil=\"true\" /><ObjectID>d12030d8-03ca-40a6-bc5f-4bf79e174ce7</ObjectID><Name>Recent Pub List Unsubscribes</Name></QueryDefinition>"},{"name":"Recent CampaignMember Status Changes","activityObjectId":"{{mcpm#/entities/queryActivities/0326b22f-afe2-4275-a215-1d9fc677535d/data/id}}","objectTypeId":300,"displayOrder":1,"serializedObject":"<QueryDefinition xmlns:xsd=\"http://www.w3.org/2001/XMLSchema\" xmlns:xsi=\"http://www.w3.org/2001/XMLSchema-instance\" xmlns=\"http://exacttarget.com/wsdl/partnerAPI\"><PartnerKey xsi:nil=\"true\" /><ObjectID>0326b22f-afe2-4275-a215-1d9fc677535d</ObjectID><Name>Recent CampaignMember Status Changes</Name></QueryDefinition>"}],"annotation":"","name":""},{"activities":[{"name":"Campaign_Member_to_Pub_List","activityObjectId":"{{mcpm#/entities/verificationActivities/0d617c75-a55c-461d-9fb1-718f5ecceb1c/data/id}}","objectTypeId":1000,"displayOrder":0,"serializedObject":"<DataVerificationActivity xmlns:xsd=\"http://www.w3.org/2001/XMLSchema\" xmlns:xsi=\"http://www.w3.org/2001/XMLSchema-instance\" xmlns=\"http://exacttarget.com/wsdl/partnerAPI\"><PartnerKey xsi:nil=\"true\" /><ObjectID>0d617c75-a55c-461d-9fb1-718f5ecceb1c</ObjectID><Name>Campaign_Member_to_Pub_List</Name></DataVerificationActivity>"}],"annotation":"","name":""},{"activities":[{"name":"CampaignMember_to_Pub_List","activityObjectId":"{{mcpm#/entities/scriptActivities/e0fbb703-b563-4881-9e54-05e7b1770f71/data/id}}","objectTypeId":423,"displayOrder":0,"serializedObject":"<SSJSActivity xmlns:xsd=\"http://www.w3.org/2001/XMLSchema\" xmlns:xsi=\"http://www.w3.org/2001/XMLSchema-instance\" xmlns=\"http://exacttarget.com/wsdl/partnerAPI\"><PartnerKey xsi:nil=\"true\" /><ObjectID>e0fbb703-b563-4881-9e54-05e7b1770f71</ObjectID><Name>CampaignMember_to_Pub_List</Name><CategoryId>0</CategoryId></SSJSActivity>"}],"annotation":"","name":""}],"startSource":{"typeId":1,"schedule":{"iCalRecur":"FREQ=HOURLY;UNTIL=20790606;INTERVAL=1","startDate":"2022-09-26T16:30:00","timeZoneId":76}}}}