{"issues":[],"originID":"38eca2ba-ca3d-ed11-a5c4-d4f5ef664b8b","originEID":"mcdy1v8k81wy75kb3ncdhfq8btd1","data":{"categoryId":"{{mcpm#/entities/categories/20573/data/id}}","dataRetentionProperties":{"isDeleteAtEndOfRetentionPeriod":false,"isResetRetentionPeriodOnImport":false,"isRowBasedRetention":false,"rowBasedThreshold":100000000},"description":"","isFieldAdditionAllowed":true,"isFieldModificationAllowed":true,"isObjectDeletable":true,"isSendable":false,"isTestable":false,"name":"Pub_List_Campaign_Map","fields":[{"description":"","isHidden":false,"isInheritable":false,"isOverridable":false,"isNullable":false,"isPrimaryKey":true,"isReadOnly":false,"isTemplateField":false,"length":10,"masktype":"None","mustOverride":false,"name":"ListId","ordinal":0,"type":"Text"},{"description":"","isHidden":false,"isInheritable":false,"isOverridable":false,"isNullable":false,"isPrimaryKey":false,"isReadOnly":false,"isTemplateField":false,"length":50,"masktype":"None","mustOverride":false,"name":"ListName","ordinal":1,"type":"Text"},{"description":"","isHidden":false,"isInheritable":false,"isOverridable":false,"isNullable":false,"isPrimaryKey":false,"isReadOnly":false,"isTemplateField":false,"length":18,"masktype":"None","mustOverride":false,"name":"CampaignId","ordinal":2,"type":"Text"}]}}