{"issues":[],"originID":"0326b22f-afe2-4275-a215-1d9fc677535d","originEID":"mcdy1v8k81wy75kb3ncdhfq8btd1","data":{"name":"Recent CampaignMember Status Changes","categoryId":"{{mcpm#/entities/categories/14287/data/id}}","description":"","isFrozen":false,"queryText":"select\ncontactid as subscriberkey,\nm.listid,\nCASE WHEN cm.status = 'Unsubscribed' THEN 'Unsubscribe'\nELSE cm.status END AS status,\nc.email as emailaddress\nfrom [{{mcpm#/entities/dataExtensions/d2ff4d98-8c5a-eb11-a2f2-48df37342d1d/data/name}}] cm\ninner join [{{mcpm#/entities/dataExtensions/38eca2ba-ca3d-ed11-a5c4-d4f5ef664b8b/data/name}}] m on m.campaignid = cm.campaignid\ninner join _ListSubscribers l on l.subscriberkey = cm.contactid and l.listid = m.listid\ninner join [{{mcpm#/entities/dataExtensions/37d789c4-8340-eb11-a2f2-1402ec8523d9/data/name}}] c on c.id = cm.contactid\nwhere\ncm.Status IN ('Active','Unsubscribed')\nand (cm.LastModifiedDate > DateUnsubscribed or DateUnsubscribed is null)\nand cm.Status != l.status","targetId":"{{mcpm#/entities/dataExtensions/68233ae7-ca3d-ed11-a5c4-d4f5ef664b8b/data/id}}","targetUpdateTypeId":0,"targetUpdateTypeName":"Overwrite"}}