{"issues":[],"originID":"d12030d8-03ca-40a6-bc5f-4bf79e174ce7","originEID":"mcdy1v8k81wy75kb3ncdhfq8btd1","data":{"name":"Recent Pub List Unsubscribes","categoryId":"{{mcpm#/entities/categories/23006/data/id}}","description":"","isFrozen":false,"queryText":"select distinct\nl.subscriberkey,\nm.campaignid,\ncm.id as campaignmemberid,\n'dummysubkey' as dummysubkey\nfrom _ListSubscribers l\ninner join [{{mcpm#/entities/dataExtensions/38eca2ba-ca3d-ed11-a5c4-d4f5ef664b8b/data/name}}] m on m.listid = l.listid\nleft join [{{mcpm#/entities/dataExtensions/d2ff4d98-8c5a-eb11-a2f2-48df37342d1d/data/name}}] cm on cm.contactid = l.subscriberkey and cm.campaignid = m.campaignid\nwhere l.status = 'Unsubscribed'\nand cm.status != 'Unsubscribed'\nand cm.lastmodifieddate < DateUnsubscribed","targetId":"{{mcpm#/entities/dataExtensions/3d7cd2d2-ca3d-ed11-a5c4-d4f5ef664b8b/data/id}}","targetUpdateTypeId":0,"targetUpdateTypeName":"Overwrite"}}